<?xml version="1.0" encoding="UTF-8" standalone="yes"?>
<addon id="repository.teamx" name="Team X Kodi" version="1.0" provider-name="teamxkodi">
	<extension point="xbmc.addon.repository" name="Team X">
		<info compressed="false">https://raw.githubusercontent.com/tdbnz123/repo/master/addons/addons.xml</info>
		<checksum>https://github.com/tdbnz123/repo/raw/master/addons/addons.xml.md5</checksum>
		<datadir zip="true">https://github.com/tdbnz123/repo/tree/master/addons</datadir>
	</extension>
	<extension point="xbmc.addon.metadata">
		<summary>@teamxkodi twitter</summary>
		<description>Get all Team x addons here</description>
		<platform>all</platform>
	</extension>
</addon>

