<?xml version="1.0" encoding="UTF-8" standalone="yes"?>
<addon id="plugin.video.mixtery"
	name="Mixtery"
	version="1.0.0"
	provider-name="Mixtery">
  <requires>
    <import addon="xbmc.python" version="2.1.0"/>
    <import addon="script.module.addon.common" version="2.0.0"/>
    <import addon="plugin.video.youtube" version="5.0.0"/>
  </requires>
  <extension point="xbmc.python.pluginsource" library="default.py">
    <provides>video</provides>
  </extension>
  <extension point="xbmc.addon.metadata">
    <summary lang="nl">Mixtery</summary>
    <description lang="nl">Iets met media</description>
    <platform>all</platform>
    <website>www.google.nl</website>
  </extension>
</addon>
