<?xml version="1.0" encoding="UTF-8" standalone="yes"?>
<addon id="repository.emby.kodi" name="Kodi Emby Addons" version="1.0.0" provider-name="marcelveldt, angelblue05, im85288,xnappo,null_pointer">
	<requires>
		<import addon="xbmc.addon" version="12.0.0"/>
	</requires>
	<extension point="xbmc.addon.repository" name="Kodi Emby Repository">
		<info compressed="false">http://cdn.mediabrowser.tv/downloads/addons/xbmb3c/kodi-repo/addons.xml</info>
		<checksum>http://cdn.mediabrowser.tv/downloads/addons/xbmb3c/kodi-repo/addons.xml.md5</checksum>
		<datadir zip="true">http://cdn.mediabrowser.tv/downloads/addons/xbmb3c/kodi-repo/</datadir>
	</extension>
	<extension point="xbmc.addon.metadata">
		<summary>Kodi Emby Addon Repository</summary>
		<description>This repo contains the Kodi Emby addon along with compatible Kodi skins</description>
		<disclaimer></disclaimer>
		<platform>all</platform>
	</extension>
</addon>
